Chromosome,Position,rsIDs,Reference,Alternate,Source,Filters - exomes,Filters - genomes,Transcript,HGVS Consequence,Protein Consequence,Transcript Consequence,VEP Annotation,ClinVar Clinical Significance,ClinVar Variation ID,Flags,Allele Count,Allele Number,Allele Frequency,Homozygote Count,Hemizygote Count,Allele Count African/African American,Allele Number African/African American,Homozygote Count African/African American,Hemizygote Count African/African American,Allele Count Admixed American,Allele Number Admixed American,Homozygote Count Admixed American,Hemizygote Count Admixed American,Allele Count Ashkenazi Jewish,Allele Number Ashkenazi Jewish,Homozygote Count Ashkenazi Jewish,Hemizygote Count Ashkenazi Jewish,Allele Count East Asian,Allele Number East Asian,Homozygote Count East Asian,Hemizygote Count East Asian,Allele Count European (Finnish),Allele Number European (Finnish),Homozygote Count European (Finnish),Hemizygote Count European (Finnish),Allele Count Middle Eastern,Allele Number Middle Eastern,Homozygote Count Middle Eastern,Hemizygote Count Middle Eastern,Allele Count European (non-Finnish),Allele Number European (non-Finnish),Homozygote Count European (non-Finnish),Hemizygote Count European (non-Finnish),Allele Count Amish,Allele Number Amish,Homozygote Count Amish,Hemizygote Count Amish,Allele Count South Asian,Allele Number South Asian,Homozygote Count South Asian,Hemizygote Count South Asian,Allele Count Remaining,Allele Number Remaining,Homozygote Count Remaining,Hemizygote Count Remaining
11,61392667,rs1057517498,T,C,gnomAD Exomes,PASS,,ENST00000515837.7,c.34+2T>C,,c.34+2T>C,splice_donor_variant,Likely pathogenic,371740.0,,14,1372780,1.01982837745e-05,0,0,0,31102,0,0,0,35402,0,0,0,24664,0,0,0,34748,0,0,0,32508,0,0,0,5550,0,0,14,1072632,0,0,,,,,0,79116,0,0,0,57058,0,0
11,61393215,rs1057520085,TGTGCTCCTTTTTCAG,T,"gnomAD Exomes,gnomAD Genomes",PASS,PASS,ENST00000515837.7,c.35-13_36del,,c.35-13_36del,splice_acceptor_variant,Likely pathogenic,376902.0,,8,1531520,5.2235687421e-06,0,0,0,72936,0,0,0,50874,0,0,0,28554,0,0,0,40884,0,0,0,44484,0,0,0,5994,0,0,8,1143138,0,0,0.0,912.0,0.0,0.0,0,83914,0,0,0,59830,0,0
11,61393229,rs1057517528,A,G,"gnomAD Exomes,gnomAD Genomes",PASS,PASS,ENST00000515837.7,c.35-2A>G,,c.35-2A>G,splice_acceptor_variant,Likely pathogenic,371778.0,,7,701890,9.9730727037e-06,0,0,0,57172,0,0,0,49852,0,0,0,23438,0,0,0,37270,0,0,0,44204,0,0,0,4386,0,0,7,384502,0,0,0.0,912.0,0.0,0.0,0,67516,0,0,0,32638,0,0
11,61393261,rs1565088283,TC,T,gnomAD Exomes,PASS,,ENST00000515837.7,p.Leu23CysfsTer4,p.Leu23CysfsTer4,c.67del,frameshift_variant,Pathogenic,591162.0,,1,833096,1.2003418573e-06,0,0,1,15786,0,0,0,984,0,0,0,5152,0,0,0,3630,0,0,0,276,0,0,0,1620,0,0,0,761890,0,0,,,,,0,16460,0,0,0,27298,0,0
11,61393283,rs1304320833,G,A,gnomAD Genomes,,PASS,ENST00000515837.7,p.Trp29Ter,p.Trp29Ter,c.87G>A,stop_gained,Pathogenic,1073194.0,,2,152196,1.31409498278e-05,0,0,1,41456,0,0,1,15270,0,0,0,3472,0,0,0,5198,0,0,0,10612,0,0,0,316,0,0,0,68036,0,0,0.0,912.0,0.0,0.0,0,4832,0,0,0,2092,0,0
11,61393907,rs1554972556,GCTAAC,G,gnomAD Exomes,PASS,,ENST00000515837.7,p.Asn55SerfsTer14,p.Asn55SerfsTer14,c.164_168del,frameshift_variant,Likely pathogenic,551831.0,,1,1461584,6.841892084204535e-07,0,0,0,33480,0,0,0,44716,0,0,0,26130,0,0,0,39694,0,0,0,53398,0,0,0,5768,0,0,1,1111802,0,0,,,,,0,86234,0,0,0,60362,0,0
11,61393937,rs1858737558,CT,C,gnomAD Genomes,,PASS,ENST00000515837.7,p.Leu64ProfsTer8,p.Leu64ProfsTer8,c.191del,frameshift_variant,Pathogenic,1176283.0,,1,152202,6.5702158972e-06,0,0,0,41424,0,0,0,15284,0,0,0,3472,0,0,0,5200,0,0,0,10616,0,0,0,316,0,0,1,68048,0,0,0.0,912.0,0.0,0.0,0,4836,0,0,0,2094,0,0
11,61393965,rs201108965,G,A,"gnomAD Exomes,gnomAD Genomes",PASS,PASS,ENST00000515837.7,p.Arg73His,p.Arg73His,c.218G>A,missense_variant,Pathogenic,198.0,,7,1613754,4.3377119437e-06,0,0,0,74912,0,0,0,59992,0,0,0,29606,0,0,2,44892,0,0,0,63994,0,0,0,6082,0,0,3,1179832,0,0,0.0,912.0,0.0,0.0,1,91076,0,0,1,62456,0,0
11,61393965,rs201108965,G,T,"gnomAD Exomes,gnomAD Genomes",PASS,PASS,ENST00000515837.7,p.Arg73Leu,p.Arg73Leu,c.218G>T,missense_variant,Pathogenic,197.0,,199,1613752,0.0001233151066582,0,0,0,74912,0,0,0,59992,0,0,142,29604,0,0,3,44892,0,0,0,63994,0,0,1,6082,0,0,34,1179832,0,0,0.0,912.0,0.0,0.0,0,91076,0,0,19,62456,0,0
11,61393968,rs1057517512,TG,T,gnomAD Exomes,PASS,,ENST00000515837.7,p.Phe76LeufsTer20,p.Phe76LeufsTer20,c.222del,frameshift_variant,Likely pathogenic,371759.0,,6,1461594,4.1051071638e-06,0,0,1,33476,0,0,0,44722,0,0,0,26132,0,0,0,39698,0,0,0,53400,0,0,0,5766,0,0,5,1111782,0,0,,,,,0,86256,0,0,0,60362,0,0
11,61393969,rs767384710,GT,G,gnomAD Exomes,PASS,,ENST00000515837.7,p.Phe76LeufsTer20,p.Phe76LeufsTer20,c.228del,frameshift_variant,Likely pathogenic,371763.0,,1,833038,1.2004254307e-06,0,0,0,15786,0,0,0,984,0,0,0,5152,0,0,0,3628,0,0,0,276,0,0,0,1620,0,0,0,761836,0,0,,,,,1,16458,0,0,0,27298,0,0
11,61393977,rs2135191306,G,A,gnomAD Exomes,PASS,,ENST00000515837.7,c.229+1G>A,,c.229+1G>A,splice_donor_variant,Likely pathogenic,1494212.0,,1,628530,1.5910139531e-06,0,0,0,17692,0,0,0,43738,0,0,0,20980,0,0,0,36068,0,0,0,53120,0,0,0,4146,0,0,1,349920,0,0,,,,,0,69794,0,0,0,33072,0,0
11,61397794,rs1362597973,C,T,gnomAD Exomes,PASS,,ENST00000515837.7,p.Gln84Ter,p.Gln84Ter,c.250C>T,stop_gained,Pathogenic,1970889.0,,1,628012,1.5923262612e-06,0,0,0,17676,0,0,0,43738,0,0,0,20984,0,0,0,36070,0,0,0,53124,0,0,0,3676,0,0,1,349950,0,0,,,,,0,69774,0,0,0,33020,0,0
11,61397797,rs11230683,C,T,"gnomAD Exomes,gnomAD Genomes",PASS,PASS,ENST00000515837.7,p.Arg85Ter,p.Arg85Ter,c.253C>T,stop_gained,Pathogenic/Likely pathogenic,56384.0,,238,1613372,0.0001475171256226,0,0,4,74916,0,0,8,60000,0,0,0,29602,0,0,0,44896,0,0,0,64016,0,0,0,5662,0,0,209,1179888,0,0,0.0,912.0,0.0,0.0,0,91060,0,0,17,62420,0,0
11,61397872,rs968023665,C,T,gnomAD Genomes,,PASS,ENST00000515837.7,p.Gln110Ter,p.Gln110Ter,c.328C>T,stop_gained,Pathogenic,2023018.0,,1,152212,6.5697842482e-06,0,0,1,41452,0,0,0,15282,0,0,0,3472,0,0,0,5200,0,0,0,10624,0,0,0,316,0,0,0,68034,0,0,0.0,910.0,0.0,0.0,0,4830,0,0,0,2092,0,0
11,61397942,rs755459875,T,G,"gnomAD Exomes,gnomAD Genomes",PASS,PASS,ENST00000515837.7,p.Leu133Ter,p.Leu133Ter,c.398T>G,stop_gained,Pathogenic/Likely pathogenic,217704.0,,21,1613856,1.30123133662e-05,0,0,0,74942,0,0,0,60004,0,0,0,29608,0,0,0,44896,0,0,0,63952,0,0,0,6084,0,0,21,1179902,0,0,0.0,912.0,0.0,0.0,0,91094,0,0,0,62462,0,0
